date,apr_pct,tvl_usd
2024-03-10,13.42682,641020
2024-03-11,11.6648,666932
2024-03-12,9.59911,713120
2024-03-13,3.77523,2230538
2024-03-14,9.17626,1002295
2024-03-15,4.56541,1471707
2024-03-16,6.00882,1124181
2024-03-17,19.42185,827598
2024-03-18,4.80018,1299815
2024-03-19,8.58217,1172544
2024-03-20,20.09168,902074
2024-03-21,4.79023,1419907
2024-03-22,4.76348,1482880
2024-03-23,4.92716,1341038
2024-03-24,8.13681,1193365
2024-03-25,7.63665,1340931
2024-03-26,19.5143,1065437
2024-03-27,4.35124,2412518
2024-03-28,3.99549,3304767
2024-03-29,4.31251,2722310
2024-03-30,4.56593,2249465
2024-03-31,8.769,1620595
2024-04-01,7.2535,1678345
2024-04-02,6.12245,1740865
2024-04-03,4.53926,2483374
2024-04-04,4.50882,2651931
2024-04-05,4.18999,3302498
2024-04-06,4.48464,2662820
2024-04-07,4.57095,2497328
2024-04-08,4.19473,3466263
2024-04-09,4.18171,3584242
2024-04-10,8.7556,3173079
2024-04-11,8.02053,4029089
2024-04-12,6.62564,6353099
2024-04-13,6.00112,7659813
2024-04-14,8.10829,4070284
2024-04-15,7.85409,4545315
2024-04-16,7.05805,5650426
2024-04-17,6.55627,6526096
2024-04-18,5.62492,8381717
2024-04-19,5.02907,9741125
2024-04-20,4.92285,9974865
2024-04-21,5.28978,8960269
2024-04-22,5.6601,8607110
2024-04-23,5.98937,7898851
2024-04-24,5.86778,8138628
2024-04-25,5.60021,8744478
2024-04-26,6.48628,7116173
2024-04-27,5.91337,8224093
2024-04-28,5.43478,9270405
2024-04-29,5.75381,8642008
2024-04-30,5.1398,10284134
2024-05-01,5.73293,8751505
2024-05-02,6.16992,7802512
2024-05-03,5.11357,10785580
2024-05-04,4.87199,11599020
2024-05-05,3.82444,10955840
2024-05-06,3.47201,12668977
2024-05-07,3.29877,13693157
2024-05-08,3.5224,12719850
2024-05-09,4.84938,8035277
2024-05-10,5.11886,6974238
2024-05-11,5.34306,6537896
2024-05-12,5.0728,6965124
2024-05-13,5.61443,5353077
2024-05-14,5.29204,6166522
2024-05-15,3.98084,10333118
2024-05-16,4.04935,9953981
2024-05-17,4.10317,9632890
2024-05-18,3.97905,9986512
2024-05-19,4.03977,9789546
2024-05-20,4.11368,10016354
2024-05-21,4.24734,9878804
2024-05-22,6.65171,3839475
2024-05-23,6.73268,3686886
2024-05-24,6.55663,4023436
2024-05-25,6.98642,3272201
2024-05-26,5.97553,5182617
2024-05-27,5.83997,5669504
2024-05-28,6.89869,3542086
2024-05-29,6.86093,3513515
2024-05-30,6.02835,4894302
2024-05-31,7.11688,3016111
2024-06-01,7.01472,3241918
2024-06-02,7.43098,2697568
2024-06-03,6.518,4028580
2024-06-04,6.6721,3810492
2024-06-05,4.09158,11003622
2024-06-06,11.99553,2230696
2024-06-07,6.53261,3926402
2024-06-08,6.61448,3807335
2024-06-09,6.45085,4170353
2024-06-10,6.65049,3792195
2024-06-11,11.5138,2479016
2024-06-12,6.51988,4397758
2024-06-13,6.87627,3732636
2024-06-14,6.75777,4061127
2024-06-15,5.93529,5918315
2024-06-16,5.61798,6638935
2024-06-17,6.15444,5166965
2024-06-18,6.53218,4409260
2024-06-19,6.02858,5490238
2024-06-20,6.02316,5472230
2024-06-21,6.18221,5052059
2024-06-22,6.30588,4722976
2024-06-23,5.68565,6224700
2024-06-24,6.04147,5484421
2024-06-25,5.89602,5875844
2024-06-26,6.03691,5483855
2024-06-27,6.10904,5359751
2024-06-28,6.31214,4847649
2024-06-29,5.92348,5684438
2024-06-30,5.62336,6532607
2024-07-01,5.74895,6242782
2024-07-02,5.64002,6507128
2024-07-03,6.42465,4597253
2024-07-04,5.82384,6464651
2024-07-05,4.79286,9276199
2024-07-06,4.9622,8725350
2024-07-07,4.85611,9159199
2024-07-08,5.67007,6615759
2024-07-09,5.40496,7356808
2024-07-10,4.66049,9764807
2024-07-11,5.64147,6747415
2024-07-12,5.59742,6821379
2024-07-13,5.02138,8553536
2024-07-14,4.73674,9349899
2024-07-15,4.48205,10285842
2024-07-16,4.33468,10972216
2024-07-17,4.22674,11553051
2024-07-18,3.90395,13199345
2024-07-19,4.38607,11258965
2024-07-20,5.42486,7540263
2024-07-21,5.46836,7475358
2024-07-22,6.23265,5563829
2024-07-23,5.41114,8193989
2024-07-24,4.49479,5758983
2024-07-25,11.1178,2738338
2024-07-26,9.37301,2734102
2024-07-27,6.23812,2949177
2024-07-28,21.0856,2009958
2024-07-29,9.51971,2749294
2024-07-30,8.44806,2897751
2024-07-31,5.75229,3032196
2024-08-01,3.86454,8345352
2024-08-02,9.26318,2945507
2024-08-03,10.84471,2713069
2024-08-04,7.44817,2892383
2024-08-05,4.91494,3891374
2024-08-06,4.78122,4033387
2024-08-07,5.07667,3199561
2024-08-08,4.72432,4357472
2024-08-09,4.32765,5621704
2024-08-10,5.09608,3274199
2024-08-11,4.76344,4279840
2024-08-12,4.52136,4987960
2024-08-13,4.4279,5314718
2024-08-14,4.68971,4544531
2024-08-15,4.56594,5046148
2024-08-16,4.71255,4559720
2024-08-17,4.64524,4721851
2024-08-18,4.5075,5284714
2024-08-19,4.57243,5050084
2024-08-20,4.38396,5710036
2024-08-21,4.67983,4758043
2024-08-22,4.75495,4762893
2024-08-23,4.62626,5176954
2024-08-24,4.42368,5984336
2024-08-25,4.61699,5283138
2024-08-26,4.39238,6197857
2024-08-27,4.49519,5606426
2024-08-28,4.50938,5529651
2024-08-29,3.94758,7633761
2024-08-30,4.41156,5803747
2024-08-31,4.29737,6390010
2024-09-01,3.86391,8408618
2024-09-02,3.35329,10781308
2024-09-03,3.81605,8432022
2024-09-04,3.5182,9381627
2024-09-05,4.87538,4209306
2024-09-06,4.12048,7039314
2024-09-07,3.68969,8312943
2024-09-08,3.98733,8013492
2024-09-09,3.61836,9901254
2024-09-10,2.87903,11134557
2024-09-11,3.069,9889926
2024-09-12,3.01001,10280725
2024-09-13,2.84985,11721421
2024-09-14,2.91262,11388377
2024-09-15,3.4068,8237595
2024-09-16,4.32109,3888282
2024-09-17,3.56186,7303072
2024-09-18,4.25278,4181913
2024-09-19,2.45673,15057691
2024-09-20,2.40745,15251475
2024-09-21,2.29668,16326777
2024-09-22,2.62386,13767058
2024-09-23,2.66594,13654480
2024-09-24,2.43858,16091267
2024-09-25,3.07837,10708566
2024-09-26,2.77505,12873390
2024-09-27,2.00782,20911836
2024-09-28,2.33704,17425649
2024-09-29,2.48244,15930786
2024-09-30,3.95326,6113744
2024-10-01,20.28668,2521925
2024-10-02,4.39201,4058553
2024-10-03,4.14922,5048038
2024-10-04,4.17938,4986666
2024-10-05,4.39278,3972908
2024-10-06,3.86661,6466044
2024-10-07,3.88473,6410006
2024-10-08,4.31449,4415608
2024-10-09,7.67866,3540249
2024-10-10,3.91891,6347128
2024-10-11,4.19111,5041863
2024-10-12,3.91881,6361403
2024-10-13,4.3181,4447203
2024-10-14,3.72225,7742653
2024-10-15,4.21424,5022562
2024-10-16,3.73577,7611298
2024-10-17,4.27478,4789106
2024-10-18,4.29055,4694422
2024-10-19,3.891,6740998
2024-10-20,3.8641,7125401
2024-10-21,4.16868,5488129
2024-10-22,7.48773,3831217
2024-10-23,4.34385,5036806
2024-10-24,3.91557,7028737
2024-10-25,5.46996,4442148
2024-10-26,4.30003,5145948
2024-10-27,3.84611,7712475
2024-10-28,3.97321,7021388
2024-10-29,3.27717,12012450
2024-10-30,3.28069,12383461
2024-10-31,4.28139,5801153
2024-11-01,4.21766,6116580
2024-11-02,7.47645,4516787
2024-11-03,4.10371,6901111
2024-11-04,4.39898,5320961
2024-11-05,13.60159,4193428
2024-11-06,4.18189,7011741
2024-11-07,5.94233,5252911
2024-11-08,4.13464,7290922
2024-11-09,3.42766,12879649
2024-11-10,3.68116,11274638
2024-11-11,3.74277,11692608
2024-11-12,4.33285,7555206
2024-11-13,14.57583,5297086
2024-11-14,14.92916,5285520
2024-11-15,13.57236,5522256
2024-11-16,13.53892,5494354
2024-11-17,16.87027,5204665
2024-11-18,11.55262,5932335
2024-11-19,14.54303,5825543
2024-11-20,4.26641,9025061
2024-11-21,4.30078,9015164
2024-11-22,13.7506,6222566
2024-11-23,11.1748,6668448
2024-11-24,11.08221,6611368
2024-11-25,5.69846,7666801
2024-11-26,13.72263,6348711
2024-11-27,3.89907,13594995
2024-11-28,4.42876,8243543
2024-11-29,6.25563,7926387
2024-11-30,10.45229,7503417
2024-12-01,6.81126,8410808
2024-12-02,4.8276,8593227
2024-12-03,4.29253,10621943
2024-12-04,4.23387,11709650
2024-12-05,18.18134,6850533
2024-12-06,20.10326,6655959
2024-12-07,10.21413,8754235
2024-12-08,4.29424,11860440
2024-12-09,13.70164,7608520
2024-12-10,11.74681,8394898
2024-12-11,4.2571,12465808
2024-12-12,13.41111,8371654
2024-12-13,18.20027,7534357
2024-12-14,21.20655,7203462
2024-12-15,8.7826,10303516
2024-12-16,10.72512,11695805
2024-12-17,15.63369,9860122
2024-12-18,23.61682,7085634
2024-12-19,9.70064,14745419
2024-12-20,9.3252,17689391
2024-12-21,13.88955,11093459
2024-12-22,9.79406,14666499
2024-12-23,8.71108,21484320
2024-12-24,7.84128,28505073
2024-12-25,7.98677,27484470
2024-12-26,8.43685,24501210
2024-12-27,9.08925,19960282
2024-12-28,8.53532,23536716
2024-12-29,9.08885,19918492
2024-12-30,9.39863,17962037
2024-12-31,9.48863,17406938
2025-01-01,8.81198,22382817
2025-01-02,7.41537,33892481
2025-01-03,6.77336,40436395
2025-01-04,6.37876,45131203
2025-01-05,6.69696,44100381
2025-01-06,6.81972,40508187
2025-01-07,7.69028,32123869
2025-01-08,8.59593,24719826
2025-01-09,8.5251,26756638
2025-01-10,7.90903,31775922
2025-01-11,8.03693,30887795
2025-01-12,8.06803,30606330
2025-01-13,7.94988,32770040
2025-01-14,7.13257,40192265
2025-01-15,6.81426,43397331
2025-01-16,6.77226,44175802
2025-01-17,6.60207,46289507
2025-01-18,6.79484,42602848
2025-01-19,7.15531,39281073
2025-01-20,8.8814,23923327
2025-01-21,8.25899,29555197
2025-01-22,8.41799,28667715
2025-01-23,8.05606,31907659
2025-01-24,7.09289,37929924
2025-01-25,7.27983,35827658
2025-01-26,7.73565,31793999
2025-01-27,8.04503,29747745
2025-01-28,7.89971,31904561
2025-01-29,7.43577,36216910
2025-01-30,6.97386,41040661
2025-01-31,4.80483,70140288
2025-02-01,5.31971,61571255
2025-02-02,5.89947,53211311
2025-02-03,5.22321,59459962
2025-02-04,5.09029,61728829
2025-02-05,5.0101,62699702
2025-02-06,5.25026,60197152
2025-02-07,5.27308,60354633
2025-02-08,4.90076,61809006
2025-02-09,4.90048,61714390
2025-02-10,4.74401,63903736
2025-02-11,4.13714,60652355
2025-02-12,4.19575,58325407
2025-02-13,4.62707,52122378
2025-02-14,4.36502,55676186
2025-02-15,4.6195,51906132
2025-02-16,4.89804,49014084
2025-02-17,4.6022,53788595
2025-02-18,5.12048,46738557
2025-02-19,4.8968,49987908
2025-02-20,4.93958,49812580
2025-02-21,5.06098,48239642
2025-02-22,4.64428,54168075
2025-02-23,4.74987,52493449
2025-02-24,5.01481,48995678
2025-02-25,4.89312,50580302
2025-02-26,4.92572,49492556
2025-02-27,4.84568,50349605
2025-02-28,4.2194,58031817
2025-03-01,4.34795,56470696
2025-03-02,4.25126,58120674
2025-03-03,4.00395,61758995
2025-03-04,3.9495,62638520
2025-03-05,3.93376,62094935
2025-03-06,4.07956,59555149
2025-03-07,3.71308,67504429
2025-03-08,3.76892,66699932
2025-03-09,3.92623,63351662
2025-03-10,3.3,70347133
2025-03-11,4.12249,49473616
2025-03-12,4.05742,50865039
2025-03-13,3.80421,55526013
2025-03-14,3.8379,54979051
2025-03-15,3.78531,56158880
2025-03-16,3.51318,57025337
2025-03-17,3.48996,57533720
2025-03-18,3.50705,56843612
2025-03-19,2.84383,52551639
2025-03-20,2.99056,49320450
2025-03-21,3.1459,45505191
2025-03-22,3.22224,43742785
2025-03-23,3.27933,42296298
2025-03-24,3.17839,44834065
2025-03-25,3.1942,44713810
2025-03-26,3.13912,46157645
2025-03-27,3.11524,46743323
2025-03-28,3.31398,42167826
2025-03-29,3.10099,41195612
2025-03-30,3.08972,41329389
2025-03-31,3.05085,42225582
2025-04-01,3.04562,42358514
2025-04-02,2.89067,45761343
2025-04-03,3.01445,43141750
2025-04-04,2.92706,45255574
2025-04-05,2.94642,44749298
2025-04-06,2.84651,46261240
2025-04-07,2.69045,48269261
2025-04-08,2.72361,47019145
2025-04-09,2.67763,47099821
2025-04-10,2.81039,43511139
2025-04-11,2.86485,42226528
2025-04-12,2.97479,39664026
2025-04-13,3.09338,37689053
2025-04-14,3.16035,36150736
2025-04-15,3.08605,38037769
2025-04-16,3.06012,38600754
2025-04-17,3.14868,36942725
2025-04-18,3.26503,34750769
2025-04-19,3.24807,35020655
2025-04-20,3.31563,33893728
2025-04-21,3.19658,36012637
2025-04-22,3.321,33904139
2025-04-23,3.26358,34978530
2025-04-24,3.32645,33604942
2025-04-25,3.37873,32962599
2025-04-26,3.28792,34802006
2025-04-27,3.30603,34535153
2025-04-28,3.10351,38733683
2025-04-29,3.18156,37134896
2025-04-30,3.28203,35373834
2025-05-01,3.30144,34932666
2025-05-02,3.23775,36427230
2025-05-03,3.23891,36226461
2025-05-04,3.30587,34889382
2025-05-05,3.23566,36286689
2025-05-06,3.40676,33145233
2025-05-07,3.09447,33920868
2025-05-08,2.99552,36335489
2025-05-09,3.09432,34720101
2025-05-10,3.01578,36812178
2025-05-11,3.24256,32127251
2025-05-12,3.30884,30839796
2025-05-13,3.53811,26459781
2025-05-14,3.4867,27706755
2025-05-15,3.40359,29467985
2025-05-16,3.42084,29299384
2025-05-17,3.42537,29307221
2025-05-18,3.54602,27282770
2025-05-19,3.43923,28745356
2025-05-20,3.75139,23277258
2025-05-21,3.89073,21447013
2025-05-22,3.98201,19950870
2025-05-23,4.2344,15854437
2025-05-24,4.21589,16233839
2025-05-25,4.11148,17620025
2025-05-26,3.97251,20110251
2025-05-27,3.90642,21255768
2025-05-28,4.04626,19407279
2025-05-29,4.07959,18957138
2025-05-30,3.94104,21278334
2025-05-31,3.91198,21742018
2025-06-01,3.8129,23576381
2025-06-02,4.78192,14650704
2025-06-03,4.57844,15966287
2025-06-04,4.49648,17456522
2025-06-05,4.37454,20280452
2025-06-06,4.4389,19291603
2025-06-07,4.42226,19630165
2025-06-08,4.39669,20044295
2025-06-09,4.31015,21810974
2025-06-10,4.65477,15772963
2025-06-11,4.20884,24195545
2025-06-12,4.20443,24159599
2025-06-13,4.33101,21973711
2025-06-14,4.32432,22012278
2025-06-15,4.36538,21285027
2025-06-16,4.48576,18998767
2025-06-17,4.37885,20990572
2025-06-18,4.09759,26101212
2025-06-19,3.99067,28437484
2025-06-20,4.03035,27905503
2025-06-21,3.86743,31405320
2025-06-22,3.86256,31479705
2025-06-23,3.88915,31030552
2025-06-24,3.87493,31081187
2025-06-25,3.87571,31105383
2025-06-26,3.87021,31298628
2025-06-27,2.9537,50855430
2025-06-28,3.14159,45198271
2025-06-29,3.22522,43086631
2025-06-30,3.30538,40959888
2025-07-01,3.48029,36775541
2025-07-02,3.47453,36753325
2025-07-03,3.71431,31555102
2025-07-04,3.62445,33347044
2025-07-05,3.59965,33955490
2025-07-06,3.66839,32532712
2025-07-07,3.75825,30795958
2025-07-08,3.81107,29705489
2025-07-09,3.7711,30379169
2025-07-10,3.92104,27727518
2025-07-11,3.74901,31025532
2025-07-12,3.74893,31356787
2025-07-13,3.84845,29491244
2025-07-14,4.14689,23923619
2025-07-15,4.27964,21540762
2025-07-16,4.32226,21081972
2025-07-17,4.37128,20112988
2025-07-18,4.46291,18696911
2025-07-19,4.36869,20471869
2025-07-20,4.45552,19315091
2025-07-21,5.25303,15392377
2025-07-22,4.47685,18923491
2025-07-23,4.88279,15995073
2025-07-24,5.54285,15893913
2025-07-25,5.24686,16683353
2025-07-26,5.08141,19886806
2025-07-27,5.04644,20879495
2025-07-28,5.6206,18000905
2025-07-29,6.11125,17163410
2025-07-30,5.40493,22391596
2025-07-31,5.46199,21448125
2025-08-01,5.46795,22084387
2025-08-02,5.44873,22759430
2025-08-03,5.3124,25624069
2025-08-04,5.18399,28584175
2025-08-05,5.26314,27026665
2025-08-06,5.04849,32594100
2025-08-07,4.5258,46815975
2025-08-08,4.74347,41522646
2025-08-09,4.69238,42645509
2025-08-10,4.51131,47408236
2025-08-11,4.83566,39515867
2025-08-12,4.87422,39964510
2025-08-13,4.90774,40038720
2025-08-14,4.35548,57250645
2025-08-15,4.7933,61478835
2025-08-16,4.82382,60350946
2025-08-17,4.83686,60342190
2025-08-18,4.69547,63915599
2025-08-19,4.73137,63098512
2025-08-20,4.90812,58776768
2025-08-21,6.09741,32913380
2025-08-22,6.10766,33169070
2025-08-23,5.78848,40812113
2025-08-24,5.66445,44454325
2025-08-25,5.55467,47345665
2025-08-26,5.64744,45720431
2025-08-27,5.5463,48596127
2025-08-28,5.78625,42190643
2025-08-29,5.69828,44617290
2025-08-30,5.63599,46638363
2025-08-31,5.68107,46192428
2025-09-01,5.5356,50649960
2025-09-02,5.48354,53581516
2025-09-03,5.52714,52464369
2025-09-04,5.37606,56749466
2025-09-05,5.3249,58841015
2025-09-06,5.10255,65108585
2025-09-07,5.02179,66773154
2025-09-08,5.4494,54364301
2025-09-09,5.15628,63572409
2025-09-10,4.80855,75389564
2025-09-11,5.00108,68493202
2025-09-12,4.95188,71401455
2025-09-13,4.80255,77066197
2025-09-14,4.88098,74484828
2025-09-15,5.01792,70138708
2025-09-16,5.71742,51664232
2025-09-17,5.59823,55341177
2025-09-18,5.80654,49516880
2025-09-19,5.84845,48657271
2025-09-20,6.10954,41541293
2025-09-21,5.87624,48443962
2025-09-22,6.02783,44253008
2025-09-23,6.22646,39732274
2025-09-24,6.18616,40870189
2025-09-25,5.64935,58995540
2025-09-26,5.61514,60186318
2025-09-27,5.63798,59756129
2025-09-28,5.63848,59897780
2025-09-29,5.6387,60633903
2025-09-30,5.61956,61901065
2025-10-01,5.6442,61553839
2025-10-02,5.63237,62498227
2025-10-03,5.6385,62457250
2025-10-04,5.63833,62948697
2025-10-05,5.66165,63080546
2025-10-06,5.63483,64987754
2025-10-07,5.63781,65888813
2025-10-08,5.65662,64365448
2025-10-09,5.62637,64798269
2025-10-10,5.75246,59009298
2025-10-11,5.5806,63411070
2025-10-12,5.59978,64749828
2025-10-13,5.46188,70706264
2025-10-14,5.47844,69210229
2025-10-15,5.31586,75492111
2025-10-16,5.02774,86422955
2025-10-17,4.75778,94700843
2025-10-18,4.64038,99929551
2025-10-19,4.6574,100157502
2025-10-20,4.7509,98400726
2025-10-21,4.85506,94855673
2025-10-22,4.83355,95993033
2025-10-23,4.84438,95808563
2025-10-24,4.61272,92254470
2025-10-25,4.69621,88386680
2025-10-26,4.75161,85579023
2025-10-27,4.78225,84361056
2025-10-28,4.76354,85249482
2025-10-29,4.82513,82892260
2025-10-30,4.58984,93935737
2025-10-31,4.81007,83939652
2025-11-01,5.00965,74697159
2025-11-02,4.94004,77741014
2025-11-03,4.60784,94047743
2025-11-04,3.87417,123700250
2025-11-05,4.41543,96309746
2025-11-06,4.42975,95428363
2025-11-07,4.39015,96147934
2025-11-08,4.53036,90141902
2025-11-09,4.68944,84025109
2025-11-10,4.61847,87603619
2025-11-11,4.54107,91300721
2025-11-12,4.20486,108933905
2025-11-13,4.18851,110065689
2025-11-14,3.6901,131598620
2025-11-15,3.76326,126736780
2025-11-16,3.78101,124381212
2025-11-17,3.67456,128840426
2025-11-18,3.81891,118653612
2025-11-19,3.80019,119611054
2025-11-20,3.66294,125790787
2025-11-21,3.35177,135093316
2025-11-22,3.37609,133487680
2025-11-23,3.45524,128925958
2025-11-24,3.46835,127867595
2025-11-25,2.60507,163372918
2025-11-26,2.5982,152383537
2025-11-27,2.91492,136809320
2025-11-28,3.25265,120660911
2025-11-29,3.26545,120209221
2025-11-30,3.23404,122672176
2025-12-01,3.21989,124019447
2025-12-02,3.1822,127451419
2025-12-03,3.09778,132243998
2025-12-04,3.05732,133643482
2025-12-05,3.05909,134429461
2025-12-06,3.02567,137078852
2025-12-07,3.03109,136416830
2025-12-08,3.16271,130794844
2025-12-09,3.20345,126519560
2025-12-10,3.2541,123425133
2025-12-11,3.12991,131860986
2025-12-12,3.12262,133349970
2025-12-13,3.15786,130703656
2025-12-14,3.22459,126727321
2025-12-15,3.34828,118800880
2025-12-16,3.18524,128240833
2025-12-17,3.23664,125012404
2025-12-18,3.34031,117859008
2025-12-19,3.59838,107700647
2025-12-20,3.52431,112071859
2025-12-21,3.51479,112136900
2025-12-22,3.64214,106410190
2025-12-23,3.84636,95587749
2025-12-24,3.86848,94593129
2025-12-25,3.82104,96962769
2025-12-26,3.79276,97868633
2025-12-27,4.17674,83808901
2025-12-28,4.11563,86595284
2025-12-29,4.43928,75937916
2025-12-30,4.19419,87164889
2025-12-31,3.58711,111174077
2026-01-01,3.61501,108615616
2026-01-02,3.59135,109676749
2026-01-03,3.5545,110441956
2026-01-04,3.51891,112675211
2026-01-05,3.29349,112983883
2026-01-06,3.3932,107129298
2026-01-07,3.49777,102042377
2026-01-08,3.6126,96350754
2026-01-09,3.60619,97517998
2026-01-10,3.62534,96782886
2026-01-11,3.71513,92786484
2026-01-12,3.73589,91705674
2026-01-13,3.54612,100606178
2026-01-14,3.43313,107511181
2026-01-15,3.48556,106151011
2026-01-16,3.49611,106701354
2026-01-17,3.48629,108243306
2026-01-18,3.46069,108321619
2026-01-19,3.4661,109569402
2026-01-20,3.55023,103341321
2026-01-21,3.48921,107196094
2026-01-22,3.26218,120025484
2026-01-23,3.23504,119792394
2026-01-24,3.26911,117017622
2026-01-25,3.2571,116692204
2026-01-26,3.43096,108087878
2026-01-27,3.69672,73088148
2026-01-28,4.02721,59638083
2026-01-29,4.4674,46483180
2026-01-30,5.66203,30580248
2026-01-31,3.6509,54710551
2026-02-01,3.82361,46272891
2026-02-02,3.81372,45318883
2026-02-03,12.86678,2301921
2026-02-04,3.93876,45119815
2026-02-05,3.88852,46919612
2026-02-06,3.89041,47407583
2026-02-07,3.80836,51481007
2026-02-08,3.71558,56459486
2026-02-09,3.60523,62523588
2026-02-10,3.50917,67666460
2026-02-11,3.45391,72404800
2026-02-12,3.24951,85316824
2026-02-13,3.74359,55495291
2026-02-14,3.70602,57595964
2026-02-15,3.5194,67533577
2026-02-16,3.38567,73967928
2026-02-17,3.33216,76458293
2026-02-18,3.37245,73882211
2026-02-19,3.30686,77812007
2026-02-20,3.09706,86869876
2026-02-21,3.13783,84235259
2026-02-22,3.12524,85114082
2026-02-23,3.33587,71933703
2026-02-24,3.38574,69734536
2026-02-25,3.39823,68857868
2026-02-26,3.27412,76235572
2026-02-27,3.30779,74352815
2026-02-28,3.35687,71310542
2026-03-01,3.26611,76762009
2026-03-02,3.18916,81461978
2026-03-03,3.06804,84122799
2026-03-04,2.77212,98854076
2026-03-05,2.70124,103511631
2026-03-06,2.75329,99805753
2026-03-07,2.4451,102507294
2026-03-08,2.36421,109278179
2026-03-09,2.53319,98332526
2026-03-10,2.63185,92262187
2026-03-11,2.60376,95010753
2026-03-12,2.4026,108107861
2026-03-13,2.4592,104309094
2026-03-14,2.45678,104364573
2026-03-15,2.4929,101456357
2026-03-16,2.49874,100692688
2026-03-17,2.48987,101214450
2026-03-18,2.54968,96976617
2026-03-19,2.50861,99098063
2026-03-20,2.57897,93552328
2026-03-21,2.5938,92572401
2026-03-22,2.58638,93466861
2026-03-23,2.86335,74941379
2026-03-24,2.34513,103071286
2026-03-25,2.33333,103309509
2026-03-26,2.3838,99935791
2026-03-27,2.43868,96286163
2026-03-28,2.47377,93864630
2026-03-29,2.47424,94257046
2026-03-30,2.50962,92195466
2026-03-31,2.68946,82401240
2026-04-01,2.65717,84050946
2026-04-02,2.7055,84241405
2026-04-03,2.57577,90662205
2026-04-04,2.59877,88914593
2026-04-05,2.60394,88474356
2026-04-06,2.72103,79942313
2026-04-07,2.76337,76976827
2026-04-08,2.69576,81443633
2026-04-09,2.72115,79516342
2026-04-10,2.70746,80093976
2026-04-11,2.69932,80203597
2026-04-12,2.68487,81383088
2026-04-13,2.6607,82359488
2026-04-14,3.01516,65214366
2026-04-15,2.76793,77622659
2026-04-16,2.69455,80619116
2026-04-17,2.7914,75312261
2026-04-18,3.28302,46781270
2026-04-19,13.04846,3559
2026-04-20,5.13537,15570140
2026-04-21,3.51445,21395203
2026-04-22,3.87361,16955467
2026-04-23,3.44167,21662803
2026-04-24,3.50336,20179517
2026-04-25,3.56236,18736880
2026-04-26,3.42679,22102863
2026-04-27,3.48639,20743865
2026-04-28,3.48624,20755105
2026-04-29,3.39321,23101153
2026-04-30,3.37733,23497228
2026-05-01,3.36748,23660245
2026-05-02,3.33295,24607466
2026-05-03,3.33131,24658738
2026-05-04,3.42192,22213361
2026-05-05,3.3882,23200887
2026-05-06,3.41166,22634094
2026-05-07,3.3819,23430424
2026-05-08,3.36978,23796409
2026-05-09,3.32708,24948606
2026-05-10,3.29792,25702811
2026-05-11,3.26419,26531408
2026-05-12,3.21519,27879683
2026-05-13,3.13771,30141953
2026-05-14,3.06292,32199500
2026-05-15,3.07371,31917481
2026-05-16,2.92953,35608639
2026-05-17,2.8669,37211076
2026-05-18,2.8591,37454389
2026-05-19,2.91983,35649049
2026-05-20,2.95347,34548014
2026-05-21,3.05572,31557025
2026-05-22,3.13343,29596585
2026-05-23,3.09993,30413590
2026-05-24,3.11931,29909068
2026-05-25,3.1302,29782040
2026-05-26,3.11017,30422295
2026-05-27,3.20282,27860603
2026-05-28,3.20263,27975398
2026-05-29,3.22219,27520343
2026-05-30,3.20204,28022857
2026-05-31,3.23514,27139820
2026-06-01,3.24659,27081010
2026-06-02,3.33936,24831794
2026-06-03,3.39681,23346519
2026-06-04,3.25697,26634994
2026-06-05,3.23104,26652733
2026-06-06,3.10698,29517463
2026-06-07,3.1534,28333986
2026-06-08,3.18138,27590647
2026-06-09,3.142,28739953
2026-06-10,3.18906,27583704
2026-06-11,3.21851,26859032
2026-06-12,3.12321,29502753
2026-06-13,3.11714,29699422
2026-06-14,3.17511,28187610
2026-06-15,3.19589,27622122
2026-06-16,3.18075,28080904
2026-06-17,3.23787,26557221
2026-06-18,3.13509,29238155
2026-06-19,3.1364,29069344
2026-06-20,3.08142,30376283
2026-06-21,3.08426,30328529
2026-06-22,3.09909,30020262
2026-06-23,3.09625,30095403
2026-06-24,3.14126,28936699
2026-06-25,3.17515,27916298
2026-06-26,3.14822,28643957
2026-06-27,3.1546,28456132
2026-06-28,3.1581,28376868
2026-06-29,3.18065,27709092
2026-06-30,3.22521,26525985
2026-07-01,3.16444,28190340
2026-07-02,3.12055,29412439
2026-07-03,3.14218,28979969
2026-07-04,3.08499,30634664
2026-07-05,3.13959,29377415
2026-07-06,3.09261,30674106
2026-07-07,3.08074,31042003
2026-07-08,3.11949,29933247
2026-07-09,3.14356,29276989
2026-07-10,3.05777,31911514
2026-07-11,3.05139,32139934
2026-07-12,3.11953,30156540
2026-07-13,3.14679,29436349
2026-07-14,3.01418,33000765
2026-07-15,3.02531,32935562
2026-07-16,3.02339,33022016
2026-07-17,3.06557,31876499
2026-07-18,3.10208,30843178
2026-07-19,3.10281,30807188
2026-07-20,2.98159,34516037
2026-07-21,2.70303,43936256
2026-07-22,2.71964,43386063
2026-07-23,3.40944,22696845
2026-07-24,3.39879,22912422
2026-07-25,3.53217,19611929
2026-07-26,3.48551,20794852
2026-07-27,3.45343,21559592
2026-07-28,3.54223,19617128
2026-07-29,3.52361,20085216
2026-07-30,3.43817,22217914
2026-07-31,3.54665,19519246
2026-08-01,3.54699,19544395
2026-08-02,3.48227,21090477
2026-08-03,3.45652,21747666
2026-08-04,3.3331,24716509
2026-08-05,3.34433,24427281
2026-08-06,3.36554,23952620
2026-08-07,3.26484,26694482
2026-08-08,3.38336,23571941
2026-08-09,3.44667,21909244
2026-08-10,3.58262,18792050
2026-08-11,3.60215,18314003
2026-08-12,3.63635,17559319
2026-08-13,3.58903,18562474
2026-08-14,3.50065,20780780
2026-08-15,3.55364,19480805
2026-08-16,3.56439,19256278
2026-08-17,3.94178,16653296
2026-08-18,3.52156,20396266
2026-08-19,3.46246,21753987
2026-08-20,3.4486,22336722
2026-08-21,3.33158,25367561
2026-08-22,3.13172,30153750
